{
  "char_count": 403946,
  "tokens": {
    "total_token_count": 94447,
    "different_token_count": 7342,
    "token_length_stats": {
      "total_count": 51132,
      "min": 1,
      "max": 26,
      "mean": 6.9643149005720515,
      "median": 7.0,
      "std": 2.518378388237204
    },
    "total_word_count": 29120,
    "different_word_count": 6801
  },
  "sentences": {
    "sentence_count": 4904,
    "char_stats": {
      "total_count": 400414,
      "min": 1,
      "max": 962,
      "mean": 81.65048939641109,
      "median": 66.0,
      "std": 63.79994754907381
    },
    "token_stats": {
      "total_count": 94447,
      "min": 1,
      "max": 220,
      "mean": 19.259176182707993,
      "median": 16.0,
      "std": 13.907331289481354
    },
    "word_stats": {
      "total_count": 29120,
      "min": 0,
      "max": 75,
      "mean": 5.938009787928221,
      "median": 5.0,
      "std": 4.848671530936319
    }
  },
  "paragraphs": {
    "char_stats": {
      "total_count": 402033,
      "min": 3,
      "max": 2424,
      "mean": 439.8610503282276,
      "median": 293.0,
      "std": 428.8666701164272
    },
    "token_stats": {
      "total_count": 93532,
      "min": 3,
      "max": 568,
      "mean": 102.33260393873086,
      "median": 70.0,
      "std": 97.68728793264381
    },
    "word_stats": {
      "total_count": 29120,
      "min": 0,
      "max": 177,
      "mean": 31.85995623632385,
      "median": 21.0,
      "std": 30.33687724182947
    },
    "sentence_stats": {
      "total_count": 4964,
      "min": 1,
      "max": 34,
      "mean": 5.431072210065645,
      "median": 4.0,
      "std": 4.6468451862696805
    }
  }
}